{"cameraMode":{"drawMode":0,"name":"Shaded","section":"Shading Mode"},"sceneLighting":false,"audioPlay":false,"sceneViewState":{"showFog":true,"showMaterialUpdate":false,"showSkybox":true,"showFlares":true,"showImageEffects":true,"showParticleSystems":true},"in2DMode":false,"pivot":{"x":0.2769660949707031,"y":11.201486587524414,"z":0.039671897888183597},"rotation":{"x":0.2341574877500534,"y":0.7311986088752747,"z":-0.3033958971500397,"w":0.5643313527107239},"size":44.10007095336914,"orthographic":false}