{"cameraMode":{"drawMode":0,"name":"Shaded","section":"Shading Mode"},"sceneLighting":false,"audioPlay":false,"sceneViewState":{"showFog":true,"showMaterialUpdate":false,"showSkybox":true,"showFlares":true,"showImageEffects":true,"showParticleSystems":true},"in2DMode":false,"pivot":{"x":-0.233734130859375,"y":11.067938804626465,"z":-0.08269023895263672},"rotation":{"x":0.2341574877500534,"y":0.7311986088752747,"z":-0.3033958971500397,"w":0.5643313527107239},"size":41.3333625793457,"orthographic":false}