{"cameraMode":{"drawMode":0,"name":"Shaded","section":"Shading Mode"},"sceneLighting":false,"audioPlay":false,"sceneViewState":{"showFog":true,"showMaterialUpdate":false,"showSkybox":true,"showFlares":true,"showImageEffects":true,"showParticleSystems":true},"in2DMode":false,"pivot":{"x":0.0,"y":0.27686846256256106,"z":-2.9802322387695315e-8},"rotation":{"x":0.026774922385811807,"y":-0.9728115200996399,"z":0.17642167210578919,"w":0.14763593673706056},"size":1.6518405675888062,"orthographic":false}