{"cameraMode":{"drawMode":0,"name":"Shaded","section":"Shading Mode"},"sceneLighting":false,"audioPlay":false,"sceneViewState":{"showFog":true,"showMaterialUpdate":false,"showSkybox":true,"showFlares":true,"showImageEffects":true,"showParticleSystems":true},"in2DMode":false,"pivot":{"x":0.2869247794151306,"y":0.9601510763168335,"z":-15.282086372375489},"rotation":{"x":-0.12708313763141633,"y":-0.835882842540741,"z":0.2178937941789627,"w":-0.487516313791275},"size":0.7427590489387512,"orthographic":false}