{"cameraMode":{"drawMode":0,"name":"Shaded","section":"Shading Mode"},"sceneLighting":false,"audioPlay":false,"sceneViewState":{"showFog":true,"showMaterialUpdate":false,"showSkybox":true,"showFlares":true,"showImageEffects":true,"showParticleSystems":true},"in2DMode":false,"pivot":{"x":9.944092750549317,"y":4.33856201171875,"z":3.053283214569092},"rotation":{"x":0.09615752846002579,"y":0.9060746431350708,"z":-0.2938884496688843,"w":0.288811594247818},"size":5.715767860412598,"orthographic":false}