{"cameraMode":{"drawMode":0,"name":"Shaded","section":"Shading Mode"},"sceneLighting":false,"audioPlay":false,"sceneViewState":{"showFog":true,"showMaterialUpdate":false,"showSkybox":true,"showFlares":true,"showImageEffects":true,"showParticleSystems":true},"in2DMode":false,"pivot":{"x":1.3964996337890626,"y":1.297224998474121,"z":3.559795379638672},"rotation":{"x":-0.13396984338760377,"y":-0.6670226454734802,"z":0.1236904188990593,"w":-0.7223804593086243},"size":15.74190616607666,"orthographic":false}