{"cameraMode":{"drawMode":0,"name":"Shaded","section":"Shading Mode"},"sceneLighting":false,"audioPlay":false,"sceneViewState":{"showFog":true,"showMaterialUpdate":false,"showSkybox":true,"showFlares":true,"showImageEffects":true,"showParticleSystems":true},"in2DMode":false,"pivot":{"x":0.42126163840293887,"y":0.7928028106689453,"z":1.1295697689056397},"rotation":{"x":0.0016634161584079266,"y":0.9769837856292725,"z":-0.21317127346992494,"w":0.007613535970449448},"size":3.1047096252441408,"orthographic":false}