{"cameraMode":{"drawMode":0,"name":"Shaded","section":"Shading Mode"},"sceneLighting":false,"audioPlay":false,"sceneViewState":{"showFog":true,"showMaterialUpdate":false,"showSkybox":true,"showFlares":true,"showImageEffects":true,"showParticleSystems":true},"in2DMode":false,"pivot":{"x":-1.0994230508804322,"y":3.33587646484375,"z":-2.859811305999756},"rotation":{"x":0.348876029253006,"y":-0.022167688235640527,"z":0.008263746276497841,"w":0.9368702173233032},"size":1.9979732036590577,"orthographic":false}