{"cameraMode":{"drawMode":0,"name":"Shaded","section":"Shading Mode"},"sceneLighting":false,"audioPlay":false,"sceneViewState":{"showFog":true,"showMaterialUpdate":false,"showSkybox":true,"showFlares":true,"showImageEffects":true,"showParticleSystems":true},"in2DMode":false,"pivot":{"x":2.427800416946411,"y":1.905693531036377,"z":0.7620303630828857},"rotation":{"x":0.23310764133930207,"y":-0.766646683216095,"z":0.4117831587791443,"w":0.4339911639690399},"size":4.766163349151611,"orthographic":false}