{"cameraMode":{"drawMode":0,"name":"Shaded","section":"Shading Mode"},"sceneLighting":false,"audioPlay":false,"sceneViewState":{"showFog":true,"showMaterialUpdate":false,"showSkybox":true,"showFlares":true,"showImageEffects":true,"showParticleSystems":true},"in2DMode":false,"pivot":{"x":0.737363338470459,"y":0.7170754671096802,"z":1.1885343790054322},"rotation":{"x":0.014657611027359963,"y":0.9720027446746826,"z":-0.22587253153324128,"w":0.06306697428226471},"size":3.1047096252441408,"orthographic":false}