{"cameraMode":{"drawMode":0,"name":"Shaded","section":"Shading Mode"},"sceneLighting":false,"audioPlay":false,"sceneViewState":{"showFog":true,"showMaterialUpdate":false,"showSkybox":true,"showFlares":true,"showImageEffects":true,"showParticleSystems":true},"in2DMode":false,"pivot":{"x":0.7520744204521179,"y":5.284562587738037,"z":6.566734790802002},"rotation":{"x":0.014245176687836647,"y":-0.9852209687232971,"z":0.10323497653007508,"w":0.1359388679265976},"size":4.766163349151611,"orthographic":false}