{"cameraMode":{"drawMode":0,"name":"Shaded","section":"Shading Mode"},"sceneLighting":false,"audioPlay":false,"sceneViewState":{"showFog":true,"showMaterialUpdate":false,"showSkybox":true,"showFlares":true,"showImageEffects":true,"showParticleSystems":true},"in2DMode":false,"pivot":{"x":-1.124000072479248,"y":0.5207034349441528,"z":0.8626713752746582},"rotation":{"x":-0.11879801005125046,"y":0.3596745729446411,"z":-0.046228572726249698,"w":-0.9243290424346924},"size":4.446556091308594,"orthographic":false}