{"cameraMode":{"drawMode":0,"name":"Shaded","section":"Shading Mode"},"sceneLighting":false,"audioPlay":false,"sceneViewState":{"showFog":true,"showMaterialUpdate":false,"showSkybox":true,"showFlares":true,"showImageEffects":true,"showParticleSystems":true},"in2DMode":false,"pivot":{"x":2.1238632202148439,"y":1.1509864330291749,"z":-0.019248008728027345},"rotation":{"x":-0.14308808743953706,"y":0.17186862230300904,"z":-0.025240106508135797,"w":-0.9743459224700928},"size":2.989929437637329,"orthographic":false}