{"cameraMode":{"drawMode":0,"name":"Shaded","section":"Shading Mode"},"sceneLighting":false,"audioPlay":false,"sceneViewState":{"showFog":true,"showMaterialUpdate":false,"showSkybox":true,"showFlares":true,"showImageEffects":true,"showParticleSystems":true},"in2DMode":false,"pivot":{"x":0.054489195346832278,"y":0.412564754486084,"z":0.9901227951049805},"rotation":{"x":-0.11622051149606705,"y":-0.8147275447845459,"z":0.1705932319164276,"w":-0.5418577194213867},"size":2.0401597023010256,"orthographic":false}