{"cameraMode":{"drawMode":0,"name":"Shaded","section":"Shading Mode"},"sceneLighting":false,"audioPlay":false,"sceneViewState":{"showFog":true,"showMaterialUpdate":false,"showSkybox":true,"showFlares":true,"showImageEffects":true,"showParticleSystems":true},"in2DMode":false,"pivot":{"x":739.9466552734375,"y":63.06806182861328,"z":-30.020740509033204},"rotation":{"x":-0.1260046660900116,"y":0.8738188147544861,"z":-0.3412664532661438,"w":-0.3226465582847595},"size":2496.903076171875,"orthographic":false}