{"cameraMode":{"drawMode":0,"name":"Shaded","section":"Shading Mode"},"sceneLighting":false,"audioPlay":false,"sceneViewState":{"showFog":true,"showMaterialUpdate":false,"showSkybox":true,"showFlares":true,"showImageEffects":true,"showParticleSystems":true},"in2DMode":false,"pivot":{"x":-7.204046726226807,"y":-6.6696248054504398,"z":-6.2112345695495609},"rotation":{"x":-0.12255746126174927,"y":0.8763177990913391,"z":-0.30489465594291689,"w":-0.3522585928440094},"size":14.589542388916016,"orthographic":false}