{"cameraMode":{"drawMode":0,"name":"Shaded","section":"Shading Mode"},"sceneLighting":true,"audioPlay":false,"sceneViewState":{"showFog":true,"showMaterialUpdate":false,"showSkybox":true,"showFlares":true,"showImageEffects":true,"showParticleSystems":true},"in2DMode":false,"pivot":{"x":118.41366577148438,"y":-20.702686309814454,"z":6.197580814361572},"rotation":{"x":-0.027447039261460305,"y":-0.9610897302627564,"z":0.2546021640300751,"w":-0.10359086841344834},"size":15.833048820495606,"orthographic":false}