{"cameraMode":{"drawMode":0,"name":"Shaded","section":"Shading Mode"},"sceneLighting":true,"audioPlay":false,"sceneViewState":{"showFog":true,"showMaterialUpdate":false,"showSkybox":true,"showFlares":true,"showImageEffects":true,"showParticleSystems":true},"in2DMode":false,"pivot":{"x":156.39901733398438,"y":-155.76927185058595,"z":-166.49545288085938},"rotation":{"x":0.022094298154115678,"y":0.9552527666091919,"z":-0.28758326172828677,"w":0.06557408720254898},"size":222.81179809570313,"orthographic":false}