{"cameraMode":{"drawMode":0,"name":"Shaded","section":"Shading Mode"},"sceneLighting":false,"audioPlay":false,"sceneViewState":{"showFog":true,"showMaterialUpdate":false,"showSkybox":true,"showFlares":true,"showImageEffects":true,"showParticleSystems":true},"in2DMode":false,"pivot":{"x":-0.9432098865509033,"y":-0.09732174873352051,"z":0.25007927417755129},"rotation":{"x":-0.016539687290787698,"y":0.8950650095939636,"z":-0.44438159465789797,"w":-0.03331896290183067},"size":3.1047096252441408,"orthographic":false}