{"cameraMode":{"drawMode":0,"name":"Shaded","section":"Shading Mode"},"sceneLighting":false,"audioPlay":false,"sceneViewState":{"showFog":true,"showMaterialUpdate":false,"showSkybox":true,"showFlares":true,"showImageEffects":true,"showParticleSystems":true},"in2DMode":false,"pivot":{"x":119.61793518066406,"y":-85.5340805053711,"z":-226.2385711669922},"rotation":{"x":-0.04778454080224037,"y":-0.9518659710884094,"z":0.17498403787612916,"w":-0.24707967042922975},"size":283.8984375,"orthographic":false}