{"cameraMode":{"drawMode":0,"name":"Shaded","section":"Shading Mode"},"sceneLighting":false,"audioPlay":false,"sceneViewState":{"showFog":true,"showMaterialUpdate":false,"showSkybox":true,"showFlares":true,"showImageEffects":true,"showParticleSystems":true},"in2DMode":false,"pivot":{"x":827.8180541992188,"y":461.4367370605469,"z":160.527587890625},"rotation":{"x":2.404245691423057e-10,"y":0.9995500445365906,"z":-1.8067635165763818e-9,"w":-0.029995538294315339},"size":1372.288818359375,"orthographic":false}