{"cameraMode":{"drawMode":0,"name":"Shaded","section":"Shading Mode"},"sceneLighting":true,"audioPlay":false,"sceneViewState":{"showFog":true,"showMaterialUpdate":false,"showSkybox":true,"showFlares":true,"showImageEffects":true,"showParticleSystems":true},"in2DMode":false,"pivot":{"x":90.28858947753906,"y":-103.75199890136719,"z":-27.48882293701172},"rotation":{"x":0.13310576975345612,"y":-0.8657501935958862,"z":0.3164893388748169,"w":0.3641345798969269},"size":141.22071838378907,"orthographic":false}