{"cameraMode":{"drawMode":0,"name":"Shaded","section":"Shading Mode"},"sceneLighting":false,"audioPlay":false,"sceneViewState":{"showFog":true,"showMaterialUpdate":false,"showSkybox":true,"showFlares":true,"showImageEffects":true,"showParticleSystems":true},"in2DMode":false,"pivot":{"x":0.013479724526405335,"y":-0.09335388988256455,"z":-0.07745885848999024},"rotation":{"x":0.06176672503352165,"y":0.8369938731193543,"z":-0.09662378579378128,"w":0.5350607633590698},"size":4.070078372955322,"orthographic":false}