{"cameraMode":{"drawMode":0,"name":"Shaded","section":"Shading Mode"},"sceneLighting":false,"audioPlay":false,"sceneViewState":{"showFog":true,"showMaterialUpdate":false,"showSkybox":true,"showFlares":true,"showImageEffects":true,"showParticleSystems":true},"in2DMode":false,"pivot":{"x":47.74825668334961,"y":-0.8577626943588257,"z":-91.01655578613281},"rotation":{"x":0.01793767139315605,"y":-0.9780226945877075,"z":0.1138872355222702,"w":0.17372283339500428},"size":18.976346969604493,"orthographic":false}