{"cameraMode":{"drawMode":0,"name":"Shaded","section":"Shading Mode"},"sceneLighting":false,"audioPlay":false,"sceneViewState":{"showFog":true,"showMaterialUpdate":false,"showSkybox":true,"showFlares":true,"showImageEffects":true,"showParticleSystems":true},"in2DMode":false,"pivot":{"x":0.05533844232559204,"y":0.3659699857234955,"z":0.9963561296463013},"rotation":{"x":-0.20837149024009705,"y":0.7192567586898804,"z":-0.24741581082344056,"w":-0.6148468255996704},"size":2.1267483234405519,"orthographic":false}