{"cameraMode":{"drawMode":0,"name":"Shaded","section":"Shading Mode"},"sceneLighting":false,"audioPlay":false,"sceneViewState":{"showFog":true,"showMaterialUpdate":false,"showSkybox":true,"showFlares":true,"showImageEffects":true,"showParticleSystems":true},"in2DMode":false,"pivot":{"x":-0.04083850234746933,"y":1.1760518550872803,"z":2.303492546081543},"rotation":{"x":-0.0007167008589021862,"y":0.9980425834655762,"z":0.011659545823931694,"w":0.06143747270107269},"size":0.972169816493988,"orthographic":false}