{"cameraMode":{"drawMode":0,"name":"Shaded","section":"Shading Mode"},"sceneLighting":false,"audioPlay":false,"sceneViewState":{"showFog":true,"showMaterialUpdate":false,"showSkybox":true,"showFlares":true,"showImageEffects":true,"showParticleSystems":true},"in2DMode":false,"pivot":{"x":-9.778924942016602,"y":0.9003900289535523,"z":1.7427129745483399},"rotation":{"x":-0.01589435525238514,"y":0.6664140224456787,"z":-0.014215069822967053,"w":-0.7452769875526428},"size":12.185221672058106,"orthographic":false}