{"cameraMode":{"drawMode":0,"name":"Shaded","section":"Shading Mode"},"sceneLighting":false,"audioPlay":false,"sceneViewState":{"showFog":true,"showMaterialUpdate":false,"showSkybox":true,"showFlares":true,"showImageEffects":true,"showParticleSystems":true},"in2DMode":false,"pivot":{"x":164.2913360595703,"y":-40.09341049194336,"z":11.985655784606934},"rotation":{"x":0.014523850753903389,"y":-0.7698202729225159,"z":-0.02104571834206581,"w":-0.6377483606338501},"size":8.23189926147461,"orthographic":false}