{"cameraMode":{"drawMode":0,"name":"Shaded","section":"Shading Mode"},"sceneLighting":false,"audioPlay":false,"sceneViewState":{"showFog":true,"showMaterialUpdate":false,"showSkybox":true,"showFlares":true,"showImageEffects":true,"showParticleSystems":true},"in2DMode":false,"pivot":{"x":-2.17622709274292,"y":1.0008740425109864,"z":0.10353618860244751},"rotation":{"x":-0.2507269084453583,"y":-0.7085151076316834,"z":0.3032403290271759,"w":-0.5858222246170044},"size":6.495190143585205,"orthographic":false}