{"cameraMode":{"drawMode":0,"name":"Shaded","section":"Shading Mode"},"sceneLighting":false,"audioPlay":false,"sceneViewState":{"showFog":true,"showMaterialUpdate":false,"showSkybox":true,"showFlares":true,"showImageEffects":true,"showParticleSystems":true},"in2DMode":false,"pivot":{"x":0.7840844392776489,"y":1.0643093585968018,"z":1.06979238986969},"rotation":{"x":-0.06961601227521897,"y":-0.9302471280097961,"z":0.2463735044002533,"w":-0.2628574073314667},"size":6.495190143585205,"orthographic":false}