{"cameraMode":{"drawMode":0,"name":"Shaded","section":"Shading Mode"},"sceneLighting":false,"audioPlay":false,"sceneViewState":{"showFog":true,"showMaterialUpdate":false,"showSkybox":true,"showFlares":true,"showImageEffects":true,"showParticleSystems":true},"in2DMode":false,"pivot":{"x":-35.49932861328125,"y":-0.34741050004959109,"z":-48.38960266113281},"rotation":{"x":0.05630773305892944,"y":-0.9019883275032044,"z":0.12398649007081986,"w":0.4097242057323456},"size":85.73651885986328,"orthographic":false}