{"cameraMode":{"drawMode":0,"name":"Shaded","section":"Shading Mode"},"sceneLighting":false,"audioPlay":false,"sceneViewState":{"showFog":true,"showMaterialUpdate":false,"showSkybox":true,"showFlares":true,"showImageEffects":true,"showParticleSystems":true},"in2DMode":false,"pivot":{"x":-36.20000076293945,"y":-0.012054443359375,"z":-45.720001220703128},"rotation":{"x":0.05816112458705902,"y":-0.8957411646842957,"z":0.12312794476747513,"w":0.42320743203163149},"size":85.73651885986328,"orthographic":false}