{"cameraMode":{"drawMode":0,"name":"Shaded","section":"Shading Mode"},"sceneLighting":true,"audioPlay":false,"sceneViewState":{"showFog":true,"showMaterialUpdate":false,"showSkybox":true,"showFlares":true,"showImageEffects":true,"showParticleSystems":true},"in2DMode":false,"pivot":{"x":-95.6033706665039,"y":-11.986892700195313,"z":92.80461883544922},"rotation":{"x":0.038530610501766208,"y":0.5077337622642517,"z":0.02012471854686737,"w":-0.8604167103767395},"size":236.16567993164063,"orthographic":false}