{"cameraMode":{"drawMode":0,"name":"Shaded","section":"Shading Mode"},"sceneLighting":true,"audioPlay":false,"sceneViewState":{"showFog":true,"showMaterialUpdate":false,"showSkybox":true,"showFlares":true,"showImageEffects":true,"showParticleSystems":true},"in2DMode":false,"pivot":{"x":36.81462097167969,"y":-78.11685943603516,"z":-55.183013916015628},"rotation":{"x":0.07163700461387634,"y":-0.9019258618354797,"z":0.16449372470378877,"w":0.3928609788417816},"size":109.72708129882813,"orthographic":false}