{"cameraMode":{"drawMode":0,"name":"Shaded","section":"Shading Mode"},"sceneLighting":false,"audioPlay":false,"sceneViewState":{"showFog":true,"showMaterialUpdate":false,"showSkybox":true,"showFlares":true,"showImageEffects":true,"showParticleSystems":true},"in2DMode":false,"pivot":{"x":16.61260986328125,"y":-1.4521164894104005,"z":-5.572264194488525},"rotation":{"x":-0.07436688989400864,"y":0.8894031047821045,"z":-0.15633925795555116,"w":-0.42307189106941225},"size":18.976346969604493,"orthographic":false}