{"cameraMode":{"drawMode":0,"name":"Shaded","section":"Shading Mode"},"sceneLighting":false,"audioPlay":false,"sceneViewState":{"showFog":true,"showMaterialUpdate":false,"showSkybox":true,"showFlares":true,"showImageEffects":true,"showParticleSystems":true},"in2DMode":false,"pivot":{"x":-0.04259216785430908,"y":0.4021261930465698,"z":0.125105619430542},"rotation":{"x":0.14618152379989625,"y":-0.21450549364089967,"z":0.03248829022049904,"w":0.9651750922203064},"size":0.7427588105201721,"orthographic":false}