{"cameraMode":{"drawMode":0,"name":"Shaded","section":"Shading Mode"},"sceneLighting":false,"audioPlay":false,"sceneViewState":{"showFog":true,"showMaterialUpdate":false,"showSkybox":true,"showFlares":true,"showImageEffects":true,"showParticleSystems":true},"in2DMode":false,"pivot":{"x":0.044333331286907199,"y":0.6758517026901245,"z":0.30167293548583987},"rotation":{"x":0.006786342244595289,"y":0.9730767607688904,"z":0.028883330523967744,"w":-0.22856386005878449},"size":3.1047096252441408,"orthographic":false}