{"cameraMode":{"drawMode":0,"name":"Shaded","section":"Shading Mode"},"sceneLighting":false,"audioPlay":false,"sceneViewState":{"showFog":true,"showMaterialUpdate":false,"showSkybox":true,"showFlares":true,"showImageEffects":true,"showParticleSystems":true},"in2DMode":false,"pivot":{"x":-1.1378835439682007,"y":-0.4775742292404175,"z":-0.44821569323539736},"rotation":{"x":-0.18414951860904694,"y":0.7415612936019898,"z":-0.22600699961185456,"w":-0.6042323708534241},"size":3.3248708248138429,"orthographic":false}