{"cameraMode":{"drawMode":0,"name":"Shaded","section":"Shading Mode"},"sceneLighting":false,"audioPlay":false,"sceneViewState":{"showFog":true,"showMaterialUpdate":false,"showSkybox":true,"showFlares":true,"showImageEffects":true,"showParticleSystems":true},"in2DMode":false,"pivot":{"x":0.6134510040283203,"y":0.5338106155395508,"z":0.2670094966888428},"rotation":{"x":0.016446268185973169,"y":-0.9832728505134583,"z":0.13956770300865174,"w":0.11586613953113556},"size":2.4721696376800539,"orthographic":false}