{"cameraMode":{"drawMode":0,"name":"Shaded","section":"Shading Mode"},"sceneLighting":false,"audioPlay":false,"sceneViewState":{"showFog":true,"showMaterialUpdate":false,"showSkybox":true,"showFlares":true,"showImageEffects":true,"showParticleSystems":true},"in2DMode":false,"pivot":{"x":0.9428691864013672,"y":1.1707220077514649,"z":-0.08507347106933594},"rotation":{"x":0.10649749636650086,"y":-0.8898241519927979,"z":0.26795998215675356,"w":0.35365065932273867},"size":2.4721696376800539,"orthographic":false}