{"cameraMode":{"drawMode":0,"name":"Shaded","section":"Shading Mode"},"sceneLighting":false,"audioPlay":false,"sceneViewState":{"showFog":true,"showMaterialUpdate":false,"showSkybox":true,"showFlares":true,"showImageEffects":true,"showParticleSystems":true},"in2DMode":false,"pivot":{"x":55.40807342529297,"y":-45.33136749267578,"z":-22.874876022338868},"rotation":{"x":-0.2754935920238495,"y":-0.07288619875907898,"z":0.020954180508852006,"w":-0.9583067893981934},"size":4.070072650909424,"orthographic":false}