{"cameraMode":{"drawMode":0,"name":"Shaded","section":"Shading Mode"},"sceneLighting":false,"audioPlay":false,"sceneViewState":{"showFog":true,"showMaterialUpdate":false,"showSkybox":true,"showFlares":true,"showImageEffects":true,"showParticleSystems":true},"in2DMode":false,"pivot":{"x":1.1855418682098389,"y":0.029228568077087404,"z":-5.663727760314941},"rotation":{"x":-0.005997492931783199,"y":-0.9938108325004578,"z":0.08758201450109482,"w":-0.06807040423154831},"size":9.112003326416016,"orthographic":false}