{"cameraMode":{"drawMode":0,"name":"Shaded","section":"Shading Mode"},"sceneLighting":false,"audioPlay":false,"sceneViewState":{"showFog":true,"showMaterialUpdate":false,"showSkybox":true,"showFlares":true,"showImageEffects":true,"showParticleSystems":true},"in2DMode":false,"pivot":{"x":0.9682185053825378,"y":0.466094970703125,"z":1.6401361227035523},"rotation":{"x":0.031119266524910928,"y":0.7210652828216553,"z":-0.6914066076278687,"w":0.03245554491877556},"size":6.495189666748047,"orthographic":false}