{"cameraMode":{"drawMode":0,"name":"Shaded","section":"Shading Mode"},"sceneLighting":false,"audioPlay":false,"sceneViewState":{"showFog":true,"showMaterialUpdate":false,"showSkybox":true,"showFlares":true,"showImageEffects":true,"showParticleSystems":true},"in2DMode":false,"pivot":{"x":57.64385223388672,"y":-45.84498596191406,"z":-23.994691848754884},"rotation":{"x":0.1639668345451355,"y":-0.7398548722267151,"z":0.19482441246509553,"w":0.6227144002914429},"size":3.8767454624176027,"orthographic":false}