{"cameraMode":{"drawMode":0,"name":"Shaded","section":"Shading Mode"},"sceneLighting":false,"audioPlay":false,"sceneViewState":{"showFog":true,"showMaterialUpdate":false,"showSkybox":true,"showFlares":true,"showImageEffects":true,"showParticleSystems":true},"in2DMode":false,"pivot":{"x":-3.2476203441619875,"y":3.108889102935791,"z":0.6226195096969605},"rotation":{"x":0.04861206188797951,"y":0.6053187251091003,"z":0.03707492724061012,"w":-0.7936319708824158},"size":7.43756628036499,"orthographic":false}