{"cameraMode":{"drawMode":0,"name":"Shaded","section":"Shading Mode"},"sceneLighting":false,"audioPlay":false,"sceneViewState":{"showFog":true,"showMaterialUpdate":false,"showSkybox":true,"showFlares":true,"showImageEffects":true,"showParticleSystems":true},"in2DMode":false,"pivot":{"x":0.04477092623710632,"y":0.529399037361145,"z":0.05494225025177002},"rotation":{"x":0.03947088494896889,"y":0.9308925867080689,"z":-0.34948551654815676,"w":0.0986965224146843},"size":2.5516350269317629,"orthographic":false}