{"cameraMode":{"drawMode":0,"name":"Shaded","section":"Shading Mode"},"sceneLighting":false,"audioPlay":false,"sceneViewState":{"showFog":true,"showMaterialUpdate":false,"showSkybox":true,"showFlares":true,"showImageEffects":true,"showParticleSystems":true},"in2DMode":false,"pivot":{"x":1.1535475254058838,"y":1.853297472000122,"z":1.431982398033142},"rotation":{"x":0.08348686248064041,"y":-0.8660038709640503,"z":0.1544373482465744,"w":0.4682054817676544},"size":3.876749277114868,"orthographic":false}