{"cameraMode":{"drawMode":0,"name":"Shaded","section":"Shading Mode"},"sceneLighting":false,"audioPlay":false,"sceneViewState":{"showFog":true,"showMaterialUpdate":false,"showSkybox":true,"showFlares":true,"showImageEffects":true,"showParticleSystems":true},"in2DMode":false,"pivot":{"x":0.023186415433883668,"y":0.36550119519233706,"z":1.0038751363754273},"rotation":{"x":-0.19819530844688416,"y":-0.653629720211029,"z":0.17981593310832978,"w":-0.7079217433929443},"size":1.9876480102539063,"orthographic":false}