{"cameraMode":{"drawMode":0,"name":"Shaded","section":"Shading Mode"},"sceneLighting":true,"audioPlay":false,"sceneViewState":{"showFog":true,"showMaterialUpdate":false,"showSkybox":true,"showFlares":true,"showImageEffects":true,"showParticleSystems":true},"in2DMode":false,"pivot":{"x":94.16696166992188,"y":-44.48616409301758,"z":-6.404799461364746},"rotation":{"x":-0.05578925833106041,"y":0.9337885975837708,"z":-0.17794202268123628,"w":-0.30539023876190188},"size":18.976346969604493,"orthographic":false}