{"cameraMode":{"drawMode":0,"name":"Shaded","section":"Shading Mode"},"sceneLighting":false,"audioPlay":false,"sceneViewState":{"showFog":true,"showMaterialUpdate":false,"showSkybox":true,"showFlares":true,"showImageEffects":true,"showParticleSystems":true},"in2DMode":false,"pivot":{"x":0.04477095603942871,"y":0.529399037361145,"z":0.054942160844802859},"rotation":{"x":0.004858705215156078,"y":0.9748620390892029,"z":-0.2224762886762619,"w":0.011168725788593293},"size":2.551635265350342,"orthographic":false}