{"cameraMode":{"drawMode":0,"name":"Shaded","section":"Shading Mode"},"sceneLighting":false,"audioPlay":false,"sceneViewState":{"showFog":true,"showMaterialUpdate":false,"showSkybox":true,"showFlares":true,"showImageEffects":true,"showParticleSystems":true},"in2DMode":false,"pivot":{"x":-299.6451110839844,"y":1.0607935190200806,"z":-238.8677215576172},"rotation":{"x":0.12027241289615631,"y":-0.8697865605354309,"z":0.2708735764026642,"w":0.3945041596889496},"size":90.96321105957031,"orthographic":false}