{"cameraMode":{"drawMode":0,"name":"Shaded","section":"Shading Mode"},"sceneLighting":false,"audioPlay":false,"sceneViewState":{"showFog":true,"showMaterialUpdate":false,"showSkybox":true,"showFlares":true,"showImageEffects":true,"showParticleSystems":true},"in2DMode":false,"pivot":{"x":1.2680894136428834,"y":0.9851455688476563,"z":-0.12916779518127442},"rotation":{"x":0.011087245307862759,"y":0.9401648640632629,"z":0.030729468911886216,"w":-0.33915016055107119},"size":3.1047096252441408,"orthographic":false}