{"cameraMode":{"drawMode":0,"name":"Shaded","section":"Shading Mode"},"sceneLighting":true,"audioPlay":false,"sceneViewState":{"showFog":true,"showMaterialUpdate":false,"showSkybox":true,"showFlares":true,"showImageEffects":true,"showParticleSystems":true},"in2DMode":false,"pivot":{"x":56.596405029296878,"y":-26.025150299072267,"z":-108.72724151611328},"rotation":{"x":0.10773786157369614,"y":-0.8437095880508423,"z":0.1845957189798355,"w":0.49241358041763308},"size":31.700618743896486,"orthographic":false}