{"cameraMode":{"drawMode":0,"name":"Shaded","section":"Shading Mode"},"sceneLighting":false,"audioPlay":false,"sceneViewState":{"showFog":true,"showMaterialUpdate":false,"showSkybox":true,"showFlares":true,"showImageEffects":true,"showParticleSystems":true},"in2DMode":false,"pivot":{"x":-0.9693270921707153,"y":1.170954704284668,"z":-0.7975091934204102},"rotation":{"x":-0.06759820878505707,"y":-0.19624075293540955,"z":-0.013562144711613655,"w":0.978128969669342},"size":2.4721696376800539,"orthographic":false}