{"cameraMode":{"drawMode":0,"name":"Shaded","section":"Shading Mode"},"sceneLighting":false,"audioPlay":false,"sceneViewState":{"showFog":true,"showMaterialUpdate":false,"showSkybox":true,"showFlares":true,"showImageEffects":true,"showParticleSystems":true},"in2DMode":false,"pivot":{"x":0.6172717809677124,"y":1.0293076038360596,"z":-5.843637466430664},"rotation":{"x":-0.0026615955866873266,"y":-0.9974762201309204,"z":0.005851108115166426,"w":-0.07071074843406677},"size":8.231893539428711,"orthographic":false}