{"cameraMode":{"drawMode":0,"name":"Shaded","section":"Shading Mode"},"sceneLighting":false,"audioPlay":false,"sceneViewState":{"showFog":true,"showMaterialUpdate":false,"showSkybox":true,"showFlares":true,"showImageEffects":true,"showParticleSystems":true},"in2DMode":false,"pivot":{"x":-1.049507975578308,"y":-0.16185829043388368,"z":-1.0940124988555909},"rotation":{"x":-0.0987573117017746,"y":-0.221715047955513,"z":0.02256808988749981,"w":-0.969835102558136},"size":1.9979732036590577,"orthographic":false}