{"cameraMode":{"drawMode":0,"name":"Shaded","section":"Shading Mode"},"sceneLighting":false,"audioPlay":false,"sceneViewState":{"showFog":true,"showMaterialUpdate":false,"showSkybox":true,"showFlares":true,"showImageEffects":true,"showParticleSystems":true},"in2DMode":false,"pivot":{"x":0.0220908522605896,"y":0.3642456531524658,"z":1.0304440259933472},"rotation":{"x":0.21361897885799409,"y":0.6578477621078491,"z":-0.19918787479400636,"w":0.6942099332809448},"size":2.0462806224823,"orthographic":false}