{"cameraMode":{"drawMode":0,"name":"Shaded","section":"Shading Mode"},"sceneLighting":false,"audioPlay":false,"sceneViewState":{"showFog":true,"showMaterialUpdate":false,"showSkybox":true,"showFlares":true,"showImageEffects":true,"showParticleSystems":true},"in2DMode":false,"pivot":{"x":100.76222229003906,"y":-45.802528381347659,"z":10.232271194458008},"rotation":{"x":0.11953115463256836,"y":-0.8002752661705017,"z":0.17007318139076234,"w":0.562447190284729},"size":1.8820916414260865,"orthographic":false}