{"cameraMode":{"drawMode":0,"name":"Shaded","section":"Shading Mode"},"sceneLighting":false,"audioPlay":false,"sceneViewState":{"showFog":true,"showMaterialUpdate":false,"showSkybox":true,"showFlares":true,"showImageEffects":true,"showParticleSystems":true},"in2DMode":false,"pivot":{"x":0.34252986311912539,"y":0.5951721668243408,"z":-0.36014533042907717},"rotation":{"x":-0.014909528195858002,"y":-0.9818117618560791,"z":0.16802941262722016,"w":-0.08711832016706467},"size":2.9350156784057619,"orthographic":false}