{"cameraMode":{"drawMode":0,"name":"Shaded","section":"Shading Mode"},"sceneLighting":false,"audioPlay":false,"sceneViewState":{"showFog":true,"showMaterialUpdate":false,"showSkybox":true,"showFlares":true,"showImageEffects":true,"showParticleSystems":true},"in2DMode":false,"pivot":{"x":13.561467170715332,"y":-1.9313461780548096,"z":0.5362086892127991},"rotation":{"x":-0.11094634234905243,"y":0.7894996404647827,"z":-0.14979273080825807,"w":-0.5847593545913696},"size":18.976346969604493,"orthographic":false}