{"cameraMode":{"drawMode":0,"name":"Shaded","section":"Shading Mode"},"sceneLighting":false,"audioPlay":false,"sceneViewState":{"showFog":true,"showMaterialUpdate":false,"showSkybox":true,"showFlares":true,"showImageEffects":true,"showParticleSystems":true},"in2DMode":false,"pivot":{"x":-0.000666499137878418,"y":0.9533625841140747,"z":0.016887187957763673},"rotation":{"x":-0.008742746897041798,"y":0.9903103113174439,"z":-0.11730951815843582,"w":-0.07380865514278412},"size":3.3514342308044435,"orthographic":false}