{"cameraMode":{"drawMode":0,"name":"Shaded","section":"Shading Mode"},"sceneLighting":false,"audioPlay":false,"sceneViewState":{"showFog":true,"showMaterialUpdate":false,"showSkybox":true,"showFlares":true,"showImageEffects":true,"showParticleSystems":true},"in2DMode":false,"pivot":{"x":6.766406536102295,"y":5.357580184936523,"z":-6.085887908935547},"rotation":{"x":-0.019546611234545709,"y":0.9801852703094482,"z":-0.12750302255153657,"w":-0.1503254473209381},"size":13.640010833740235,"orthographic":false}