{"cameraMode":{"drawMode":0,"name":"Shaded","section":"Shading Mode"},"sceneLighting":false,"audioPlay":false,"sceneViewState":{"showFog":true,"showMaterialUpdate":false,"showSkybox":true,"showFlares":true,"showImageEffects":true,"showParticleSystems":true},"in2DMode":false,"pivot":{"x":1.9952348470687867,"y":0.011999714188277722,"z":-0.16401073336601258},"rotation":{"x":0.01614142395555973,"y":-0.7238693833351135,"z":0.0169442817568779,"w":0.6895400285720825},"size":0.11447089910507202,"orthographic":false}