{"cameraMode":{"drawMode":0,"name":"Shaded","section":"Shading Mode"},"sceneLighting":false,"audioPlay":false,"sceneViewState":{"showFog":true,"showMaterialUpdate":false,"showSkybox":true,"showFlares":true,"showImageEffects":true,"showParticleSystems":true},"in2DMode":false,"pivot":{"x":-0.5992774963378906,"y":1.2006280422210694,"z":-0.014345049858093262},"rotation":{"x":0.17202772200107575,"y":-0.5696070194244385,"z":0.12338216602802277,"w":0.7941859364509583},"size":2.1721696853637697,"orthographic":false}