{"cameraMode":{"drawMode":0,"name":"Shaded","section":"Shading Mode"},"sceneLighting":false,"audioPlay":false,"sceneViewState":{"showFog":true,"showMaterialUpdate":false,"showSkybox":true,"showFlares":true,"showImageEffects":true,"showParticleSystems":true},"in2DMode":false,"pivot":{"x":18.10502815246582,"y":-0.30136120319366457,"z":-0.05322270095348358},"rotation":{"x":-0.24800139665603639,"y":0.677964985370636,"z":-0.2668669521808624,"w":-0.6384676694869995},"size":3.306095600128174,"orthographic":false}