{"cameraMode":{"drawMode":0,"name":"Shaded","section":"Shading Mode"},"sceneLighting":false,"audioPlay":false,"sceneViewState":{"showFog":true,"showMaterialUpdate":false,"showSkybox":true,"showFlares":true,"showImageEffects":true,"showParticleSystems":true},"in2DMode":false,"pivot":{"x":-0.13182902336120606,"y":6.2541584968566898,"z":-0.04720640182495117},"rotation":{"x":0.0026545883156359197,"y":-0.9929298758506775,"z":0.02270466461777687,"w":0.11648055166006088},"size":23.791088104248048,"orthographic":false}