{"cameraMode":{"drawMode":0,"name":"Shaded","section":"Shading Mode"},"sceneLighting":false,"audioPlay":false,"sceneViewState":{"showFog":true,"showMaterialUpdate":false,"showSkybox":true,"showFlares":true,"showImageEffects":true,"showParticleSystems":true},"in2DMode":false,"pivot":{"x":-0.9357455372810364,"y":0.7626640796661377,"z":0.3372368812561035},"rotation":{"x":0.002429091837257147,"y":0.9974016547203064,"z":-0.07195615023374558,"w":0.0025239631067961456},"size":8.231893539428711,"orthographic":false}