{"cameraMode":{"drawMode":0,"name":"Shaded","section":"Shading Mode"},"sceneLighting":false,"audioPlay":false,"sceneViewState":{"showFog":true,"showMaterialUpdate":false,"showSkybox":true,"showFlares":true,"showImageEffects":true,"showParticleSystems":true},"in2DMode":false,"pivot":{"x":-1.1605157852172852,"y":0.5832257270812988,"z":-0.7782349586486816},"rotation":{"x":-0.08863867819309235,"y":0.8047862648963928,"z":-0.12437230348587036,"w":-0.5735799074172974},"size":6.7832465171813969,"orthographic":false}