{"cameraMode":{"drawMode":0,"name":"Shaded","section":"Shading Mode"},"sceneLighting":true,"audioPlay":false,"sceneViewState":{"showFog":true,"showMaterialUpdate":false,"showSkybox":true,"showFlares":true,"showImageEffects":true,"showParticleSystems":true},"in2DMode":false,"pivot":{"x":65.095458984375,"y":-50.90966796875,"z":-53.26636505126953},"rotation":{"x":0.036305204033851626,"y":-0.9633113741874695,"z":0.17389945685863496,"w":0.2011769413948059},"size":34.157257080078128,"orthographic":false}