{"cameraMode":{"drawMode":0,"name":"Shaded","section":"Shading Mode"},"sceneLighting":false,"audioPlay":false,"sceneViewState":{"showFog":true,"showMaterialUpdate":false,"showSkybox":true,"showFlares":true,"showImageEffects":true,"showParticleSystems":true},"in2DMode":false,"pivot":{"x":-3.811985492706299,"y":-0.5240309238433838,"z":-0.8430349826812744},"rotation":{"x":-0.09483656287193299,"y":0.8641514182090759,"z":-0.17771707475185395,"w":-0.4611561894416809},"size":7.43756628036499,"orthographic":false}