{"cameraMode":{"drawMode":0,"name":"Shaded","section":"Shading Mode"},"sceneLighting":false,"audioPlay":false,"sceneViewState":{"showFog":true,"showMaterialUpdate":false,"showSkybox":true,"showFlares":true,"showImageEffects":true,"showParticleSystems":true},"in2DMode":false,"pivot":{"x":4.554164409637451,"y":3.234682083129883,"z":-4.584371566772461},"rotation":{"x":0.025460749864578248,"y":-0.9742501378059387,"z":0.14610210061073304,"w":0.16983143985271455},"size":14.553023338317871,"orthographic":false}