{"cameraMode":{"drawMode":0,"name":"Shaded","section":"Shading Mode"},"sceneLighting":false,"audioPlay":false,"sceneViewState":{"showFog":true,"showMaterialUpdate":false,"showSkybox":true,"showFlares":true,"showImageEffects":true,"showParticleSystems":true},"in2DMode":false,"pivot":{"x":-0.790924072265625,"y":2.6542768478393556,"z":-0.8313102722167969},"rotation":{"x":0.0675412267446518,"y":-0.9034958481788635,"z":0.15495768189430238,"w":0.3938547670841217},"size":14.553023338317871,"orthographic":false}