{"cameraMode":{"drawMode":0,"name":"Shaded","section":"Shading Mode"},"sceneLighting":false,"audioPlay":false,"sceneViewState":{"showFog":true,"showMaterialUpdate":false,"showSkybox":true,"showFlares":true,"showImageEffects":true,"showParticleSystems":true},"in2DMode":false,"pivot":{"x":-8.468542098999024,"y":-8.46509075164795,"z":-12.808836936950684},"rotation":{"x":0.07191397249698639,"y":-0.928011417388916,"z":0.25270888209342959,"w":0.2641238868236542},"size":28.578840255737306,"orthographic":false}