{"cameraMode":{"drawMode":0,"name":"Shaded","section":"Shading Mode"},"sceneLighting":false,"audioPlay":false,"sceneViewState":{"showFog":true,"showMaterialUpdate":false,"showSkybox":true,"showFlares":true,"showImageEffects":true,"showParticleSystems":true},"in2DMode":false,"pivot":{"x":0.8756091594696045,"y":3.1502349376678469,"z":4.582879543304443},"rotation":{"x":-0.03320208936929703,"y":0.965770959854126,"z":-0.2031395137310028,"w":-0.15785597264766694},"size":0.972169816493988,"orthographic":false}