{"cameraMode":{"drawMode":0,"name":"Shaded","section":"Shading Mode"},"sceneLighting":true,"audioPlay":false,"sceneViewState":{"showFog":true,"showMaterialUpdate":false,"showSkybox":true,"showFlares":true,"showImageEffects":true,"showParticleSystems":true},"in2DMode":false,"pivot":{"x":123.23177337646485,"y":-3.6790010929107668,"z":-7.222481727600098},"rotation":{"x":0.10020662099123001,"y":-0.8870395421981812,"z":0.3825925290584564,"w":0.23820675909519196},"size":0.09332656860351563,"orthographic":false}
