{"cameraMode":{"drawMode":0,"name":"Shaded","section":"Shading Mode"},"sceneLighting":false,"audioPlay":false,"sceneViewState":{"showFog":true,"showMaterialUpdate":false,"showSkybox":true,"showFlares":true,"showImageEffects":true,"showParticleSystems":true},"in2DMode":false,"pivot":{"x":179.9751434326172,"y":-46.59700012207031,"z":-71.79042053222656},"rotation":{"x":-0.06920287013053894,"y":-0.9074468612670898,"z":0.3831104338169098,"w":-0.15804341435432435},"size":5.003582000732422,"orthographic":false}