{"cameraMode":{"drawMode":0,"name":"Shaded","section":"Shading Mode"},"sceneLighting":false,"audioPlay":false,"sceneViewState":{"showFog":true,"showMaterialUpdate":false,"showSkybox":true,"showFlares":true,"showImageEffects":true,"showParticleSystems":true},"in2DMode":false,"pivot":{"x":-0.09236297756433487,"y":1.8446247577667237,"z":0.11751159280538559},"rotation":{"x":-0.10453982651233673,"y":0.7695189714431763,"z":-0.6163409352302551,"w":-0.13052190840244294},"size":0.972169816493988,"orthographic":false}