{"cameraMode":{"drawMode":0,"name":"Shaded","section":"Shading Mode"},"sceneLighting":false,"audioPlay":false,"sceneViewState":{"showFog":true,"showMaterialUpdate":false,"showSkybox":true,"showFlares":true,"showImageEffects":true,"showParticleSystems":true},"in2DMode":false,"pivot":{"x":12.890000343322754,"y":12.60000228881836,"z":8.929998397827149},"rotation":{"x":0.07835756987333298,"y":-0.8958227634429932,"z":0.18214374780654908,"w":0.39772525429725649},"size":43.718753814697269,"orthographic":false}