{"cameraMode":{"drawMode":0,"name":"Shaded","section":"Shading Mode"},"sceneLighting":false,"audioPlay":false,"sceneViewState":{"showFog":true,"showMaterialUpdate":false,"showSkybox":true,"showFlares":true,"showImageEffects":true,"showParticleSystems":true},"in2DMode":false,"pivot":{"x":0.03744572401046753,"y":0.43423548340797427,"z":0.963456392288208},"rotation":{"x":0.12754474580287934,"y":-0.8598349690437317,"z":0.4138731062412262,"w":0.27041691541671755},"size":2.234156370162964,"orthographic":false}