{"cameraMode":{"drawMode":0,"name":"Shaded","section":"Shading Mode"},"sceneLighting":false,"audioPlay":false,"sceneViewState":{"showFog":true,"showMaterialUpdate":false,"showSkybox":true,"showFlares":true,"showImageEffects":true,"showParticleSystems":true},"in2DMode":false,"pivot":{"x":0.21147769689559937,"y":1.9752954244613648,"z":-0.17735910415649415},"rotation":{"x":0.11953115463256836,"y":-0.8002752661705017,"z":0.17007318139076234,"w":0.562447190284729},"size":2.989928722381592,"orthographic":false}