{"cameraMode":{"drawMode":0,"name":"Shaded","section":"Shading Mode"},"sceneLighting":false,"audioPlay":false,"sceneViewState":{"showFog":true,"showMaterialUpdate":false,"showSkybox":true,"showFlares":true,"showImageEffects":true,"showParticleSystems":true},"in2DMode":false,"pivot":{"x":0.0010132640600204468,"y":0.3744363784790039,"z":0.0},"rotation":{"x":-0.01594078540802002,"y":0.9735979437828064,"z":-0.2116727977991104,"w":-0.0839509442448616},"size":1.370326280593872,"orthographic":false}