{"cameraMode":{"drawMode":0,"name":"Shaded","section":"Shading Mode"},"sceneLighting":false,"audioPlay":false,"sceneViewState":{"showFog":true,"showMaterialUpdate":false,"showSkybox":true,"showFlares":true,"showImageEffects":true,"showParticleSystems":true},"in2DMode":false,"pivot":{"x":148.95028686523438,"y":-42.79048538208008,"z":7.801344871520996},"rotation":{"x":0.027692196890711786,"y":-0.9631035327911377,"z":0.12109696120023728,"w":0.23874735832214356},"size":8.23189926147461,"orthographic":false}