{"cameraMode":{"drawMode":0,"name":"Shaded","section":"Shading Mode"},"sceneLighting":false,"audioPlay":false,"sceneViewState":{"showFog":true,"showMaterialUpdate":false,"showSkybox":true,"showFlares":true,"showImageEffects":true,"showParticleSystems":true},"in2DMode":false,"pivot":{"x":-0.4195084571838379,"y":-0.5588765144348145,"z":0.22745656967163087},"rotation":{"x":-0.1813058704137802,"y":0.8064117431640625,"z":-0.3121536076068878,"w":-0.46838921308517458},"size":3.3248708248138429,"orthographic":false}