{"cameraMode":{"drawMode":0,"name":"Shaded","section":"Shading Mode"},"sceneLighting":false,"audioPlay":false,"sceneViewState":{"showFog":true,"showMaterialUpdate":false,"showSkybox":true,"showFlares":true,"showImageEffects":true,"showParticleSystems":true},"in2DMode":false,"pivot":{"x":0.4117012023925781,"y":0.4589395523071289,"z":-7.1420111656188969},"rotation":{"x":-0.018119782209396364,"y":0.9777750968933106,"z":-0.18584145605564118,"w":-0.09534496068954468},"size":14.589542388916016,"orthographic":false}