{"cameraMode":{"drawMode":0,"name":"Shaded","section":"Shading Mode"},"sceneLighting":true,"audioPlay":false,"sceneViewState":{"showFog":true,"showMaterialUpdate":false,"showSkybox":true,"showFlares":true,"showImageEffects":true,"showParticleSystems":true},"in2DMode":false,"pivot":{"x":118.95942687988281,"y":-41.20148468017578,"z":11.131811141967774},"rotation":{"x":0.06338244676589966,"y":-0.9330360293388367,"z":0.2748332917690277,"w":0.22336749732494355},"size":18.86592674255371,"orthographic":false}