{"cameraMode":{"drawMode":0,"name":"Shaded","section":"Shading Mode"},"sceneLighting":false,"audioPlay":false,"sceneViewState":{"showFog":true,"showMaterialUpdate":false,"showSkybox":true,"showFlares":true,"showImageEffects":true,"showParticleSystems":true},"in2DMode":false,"pivot":{"x":0.8435027003288269,"y":-1.2158318758010865,"z":1.354207992553711},"rotation":{"x":-0.03493818640708923,"y":-0.9608761072158814,"z":0.2345324009656906,"w":-0.14314715564250947},"size":9.112003326416016,"orthographic":false}