{"cameraMode":{"drawMode":0,"name":"Shaded","section":"Shading Mode"},"sceneLighting":false,"audioPlay":false,"sceneViewState":{"showFog":true,"showMaterialUpdate":false,"showSkybox":true,"showFlares":true,"showImageEffects":true,"showParticleSystems":true},"in2DMode":false,"pivot":{"x":0.38097327947616579,"y":2.375967502593994,"z":1.6122815608978272},"rotation":{"x":0.02482977695763111,"y":-0.9663116931915283,"z":0.2349371314048767,"w":0.10212653130292893},"size":2.4721696376800539,"orthographic":false}