{"cameraMode":{"drawMode":0,"name":"Shaded","section":"Shading Mode"},"sceneLighting":false,"audioPlay":false,"sceneViewState":{"showFog":true,"showMaterialUpdate":false,"showSkybox":true,"showFlares":true,"showImageEffects":true,"showParticleSystems":true},"in2DMode":false,"pivot":{"x":0.9414438605308533,"y":1.6715524196624756,"z":-0.2691378593444824},"rotation":{"x":-0.020982474088668824,"y":0.9789509177207947,"z":0.14913024008274079,"w":0.13775044679641725},"size":3.1047096252441408,"orthographic":false}