{"cameraMode":{"drawMode":0,"name":"Shaded","section":"Shading Mode"},"sceneLighting":false,"audioPlay":false,"sceneViewState":{"showFog":true,"showMaterialUpdate":false,"showSkybox":true,"showFlares":true,"showImageEffects":true,"showParticleSystems":true},"in2DMode":false,"pivot":{"x":40.70366287231445,"y":-0.08931279182434082,"z":-83.6593246459961},"rotation":{"x":0.0496511273086071,"y":-0.8656082153320313,"z":0.09235688298940659,"w":0.4896196126937866},"size":18.976346969604493,"orthographic":false}