{"cameraMode":{"drawMode":0,"name":"Shaded","section":"Shading Mode"},"sceneLighting":false,"audioPlay":false,"sceneViewState":{"showFog":true,"showMaterialUpdate":false,"showSkybox":true,"showFlares":true,"showImageEffects":true,"showParticleSystems":true},"in2DMode":false,"pivot":{"x":9.026314735412598,"y":-1.8102056980133057,"z":7.052863121032715},"rotation":{"x":-0.05909673869609833,"y":-0.45284587144851687,"z":0.03008868545293808,"w":-0.8891192078590393},"size":15.74190616607666,"orthographic":false}