{"cameraMode":{"drawMode":0,"name":"Shaded","section":"Shading Mode"},"sceneLighting":false,"audioPlay":false,"sceneViewState":{"showFog":true,"showMaterialUpdate":false,"showSkybox":true,"showFlares":true,"showImageEffects":true,"showParticleSystems":true},"in2DMode":false,"pivot":{"x":-1.3104740381240845,"y":0.10521277785301209,"z":-1.1884140968322755},"rotation":{"x":0.13050788640975953,"y":-0.8580822348594666,"z":0.2676962614059448,"w":0.4183315634727478},"size":6.495189666748047,"orthographic":false}