{"cameraMode":{"drawMode":0,"name":"Shaded","section":"Shading Mode"},"sceneLighting":false,"audioPlay":false,"sceneViewState":{"showFog":true,"showMaterialUpdate":false,"showSkybox":true,"showFlares":true,"showImageEffects":true,"showParticleSystems":true},"in2DMode":false,"pivot":{"x":305.3232116699219,"y":-134.36965942382813,"z":22.483957290649415},"rotation":{"x":0.07184650003910065,"y":-0.802499532699585,"z":0.09872185438871384,"w":0.5840262770652771},"size":6.495177745819092,"orthographic":false}