{"cameraMode":{"drawMode":0,"name":"Shaded","section":"Shading Mode"},"sceneLighting":false,"audioPlay":false,"sceneViewState":{"showFog":true,"showMaterialUpdate":false,"showSkybox":true,"showFlares":true,"showImageEffects":true,"showParticleSystems":true},"in2DMode":false,"pivot":{"x":0.4004340171813965,"y":0.6317981481552124,"z":0.09000921249389649},"rotation":{"x":-0.19100363552570344,"y":-0.7672172784805298,"z":0.26563456654548647,"w":-0.551664412021637},"size":2.1721696853637697,"orthographic":false}