{"cameraMode":{"drawMode":0,"name":"Shaded","section":"Shading Mode"},"sceneLighting":false,"audioPlay":false,"sceneViewState":{"showFog":true,"showMaterialUpdate":false,"showSkybox":true,"showFlares":true,"showImageEffects":true,"showParticleSystems":true},"in2DMode":false,"pivot":{"x":-2.550602674484253,"y":-0.9655634760856628,"z":-8.440041542053223},"rotation":{"x":-0.011769740842282772,"y":0.9878801703453064,"z":-0.09545383602380753,"w":-0.12183143943548203},"size":14.589542388916016,"orthographic":false}