{"cameraMode":{"drawMode":0,"name":"Shaded","section":"Shading Mode"},"sceneLighting":false,"audioPlay":false,"sceneViewState":{"showFog":true,"showMaterialUpdate":false,"showSkybox":true,"showFlares":true,"showImageEffects":true,"showParticleSystems":true},"in2DMode":false,"pivot":{"x":0.13280081748962403,"y":7.795727729797363,"z":0.05804800987243652},"rotation":{"x":0.14629647135734559,"y":0.7906559109687805,"z":-0.20763294398784638,"w":0.5570898652076721},"size":31.70729637145996,"orthographic":false}