{"cameraMode":{"drawMode":0,"name":"Shaded","section":"Shading Mode"},"sceneLighting":false,"audioPlay":false,"sceneViewState":{"showFog":true,"showMaterialUpdate":false,"showSkybox":true,"showFlares":true,"showImageEffects":true,"showParticleSystems":true},"in2DMode":false,"pivot":{"x":116.76315307617188,"y":15.373017311096192,"z":6.402591705322266},"rotation":{"x":0.03288368135690689,"y":0.866257905960083,"z":-0.05752582848072052,"w":0.49518346786499026},"size":84.02127075195313,"orthographic":false}