{"cameraMode":{"drawMode":0,"name":"Shaded","section":"Shading Mode"},"sceneLighting":true,"audioPlay":false,"sceneViewState":{"showFog":true,"showMaterialUpdate":false,"showSkybox":true,"showFlares":true,"showImageEffects":true,"showParticleSystems":true},"in2DMode":false,"pivot":{"x":36.364219665527347,"y":-78.4732666015625,"z":-78.65765380859375},"rotation":{"x":-0.12760740518569947,"y":0.7646066546440125,"z":-0.15962548553943635,"w":-0.6112385988235474},"size":117.99597930908203,"orthographic":false}