{"cameraMode":{"drawMode":0,"name":"Shaded","section":"Shading Mode"},"sceneLighting":true,"audioPlay":false,"sceneViewState":{"showFog":true,"showMaterialUpdate":true,"showSkybox":false,"showFlares":true,"showImageEffects":true,"showParticleSystems":true},"in2DMode":false,"pivot":{"x":102.59059143066406,"y":-43.42069625854492,"z":11.689762115478516},"rotation":{"x":-0.06005227193236351,"y":0.9398788213729858,"z":-0.24349986016750337,"w":-0.23179598152637483},"size":5.268111705780029,"orthographic":false}