{"cameraMode":{"drawMode":0,"name":"Shaded","section":"Shading Mode"},"sceneLighting":false,"audioPlay":false,"sceneViewState":{"showFog":true,"showMaterialUpdate":true,"showSkybox":false,"showFlares":true,"showImageEffects":true,"showParticleSystems":true},"in2DMode":false,"pivot":{"x":-0.14639541506767274,"y":0.6024416089057922,"z":2.8659145832061769},"rotation":{"x":0.07611311227083206,"y":0.9236337542533875,"z":-0.2541321814060211,"w":0.2766302824020386},"size":13.175087928771973,"orthographic":false}