{"cameraMode":{"drawMode":0,"name":"Shaded","section":"Shading Mode"},"sceneLighting":true,"audioPlay":false,"sceneViewState":{"showFog":false,"showMaterialUpdate":false,"showSkybox":false,"showFlares":false,"showImageEffects":false,"showParticleSystems":false},"in2DMode":false,"pivot":{"x":1.1130131483078004,"y":2.549429178237915,"z":6.0912628173828129},"rotation":{"x":-0.40395280718803408,"y":-0.006311140023171902,"z":0.002789282239973545,"w":-0.9147538542747498},"size":0.8573647737503052,"orthographic":false}