{"cameraMode":{"drawMode":0,"name":"Shaded","section":"Shading Mode"},"sceneLighting":false,"audioPlay":false,"sceneViewState":{"showFog":false,"showMaterialUpdate":false,"showSkybox":false,"showFlares":false,"showImageEffects":false,"showParticleSystems":false},"in2DMode":false,"pivot":{"x":1.3421356678009034,"y":2.879978656768799,"z":0.8634040951728821},"rotation":{"x":0.14170651137828828,"y":-0.7731003761291504,"z":0.1857845038175583,"w":0.5896772146224976},"size":3.463881015777588,"orthographic":false}