{"cameraMode":{"drawMode":0,"name":"Shaded","section":"Shading Mode"},"sceneLighting":true,"audioPlay":false,"sceneViewState":{"showFog":true,"showMaterialUpdate":true,"showSkybox":true,"showFlares":true,"showImageEffects":true,"showParticleSystems":true},"in2DMode":false,"pivot":{"x":1.3892884254455567,"y":-0.6060893535614014,"z":0.45636704564094546},"rotation":{"x":0.22273212671279908,"y":0.1343376189470291,"z":-0.031004665419459344,"w":0.9650816321372986},"size":7.704780101776123,"orthographic":false}