{"cameraMode":{"drawMode":0,"name":"Shaded","section":"Shading Mode"},"sceneLighting":true,"audioPlay":false,"sceneViewState":{"showFog":false,"showMaterialUpdate":false,"showSkybox":false,"showFlares":false,"showImageEffects":false,"showParticleSystems":false},"in2DMode":false,"pivot":{"x":0.2603830397129059,"y":0.9850125908851624,"z":1.0128817558288575},"rotation":{"x":-0.15406657755374909,"y":0.04799922928214073,"z":-0.007491808384656906,"w":-0.9868654608726502},"size":3.2520408630371095,"orthographic":false}