{"cameraMode":{"drawMode":0,"name":"Shaded","section":"Shading Mode"},"sceneLighting":false,"audioPlay":false,"sceneViewState":{"showFog":true,"showMaterialUpdate":true,"showSkybox":true,"showFlares":true,"showImageEffects":true,"showParticleSystems":true},"in2DMode":false,"pivot":{"x":-1.7710522413253785,"y":4.205371856689453,"z":11.007217407226563},"rotation":{"x":-0.018899930641055108,"y":-0.9734302163124085,"z":0.21086348593235017,"w":-0.08725239336490631},"size":1.486862063407898,"orthographic":false}