{"cameraMode":{"drawMode":0,"name":"Shaded","section":"Shading Mode"},"sceneLighting":true,"audioPlay":false,"sceneViewState":{"showFog":false,"showMaterialUpdate":false,"showSkybox":false,"showFlares":false,"showImageEffects":false,"showParticleSystems":false},"in2DMode":false,"pivot":{"x":3.2564995288848879,"y":3.189821243286133,"z":-2.3670365810394289},"rotation":{"x":0.12725989520549775,"y":-0.0591692253947258,"z":0.00760444812476635,"w":0.9900738596916199},"size":3.591542959213257,"orthographic":false}