{"cameraMode":{"drawMode":0,"name":"Shaded","section":"Shading Mode"},"sceneLighting":false,"audioPlay":false,"sceneViewState":{"showFog":false,"showMaterialUpdate":false,"showSkybox":false,"showFlares":false,"showImageEffects":false,"showParticleSystems":false},"in2DMode":false,"pivot":{"x":23.33769416809082,"y":13.884235382080079,"z":-54.842506408691409},"rotation":{"x":-0.036620765924453738,"y":0.9632039070129395,"z":-0.17863021790981294,"w":-0.1974550485610962},"size":20.24524688720703,"orthographic":false}