{"cameraMode":{"drawMode":0,"name":"Shaded","section":"Shading Mode"},"sceneLighting":false,"audioPlay":false,"sceneViewState":{"showFog":false,"showMaterialUpdate":false,"showSkybox":false,"showFlares":false,"showImageEffects":false,"showParticleSystems":false},"in2DMode":false,"pivot":{"x":23.945226669311525,"y":-62.634429931640628,"z":60.347816467285159},"rotation":{"x":-0.2715437412261963,"y":-0.16726309061050416,"z":0.04798508435487747,"w":-0.9465646147727966},"size":141.78062438964845,"orthographic":false}