{"cameraMode":{"drawMode":0,"name":"Shaded","section":"Shading Mode"},"sceneLighting":false,"audioPlay":false,"sceneViewState":{"showFog":false,"showMaterialUpdate":false,"showSkybox":false,"showFlares":false,"showImageEffects":false,"showParticleSystems":false},"in2DMode":false,"pivot":{"x":5.5412678718566898,"y":6.165893077850342,"z":-3.7875380516052248},"rotation":{"x":-0.13055409491062165,"y":0.264838844537735,"z":-0.03621508926153183,"w":-0.9547274708747864},"size":2.3361682891845705,"orthographic":false}