{"cameraMode":{"drawMode":0,"name":"Shaded","section":"Shading Mode"},"sceneLighting":false,"audioPlay":false,"sceneViewState":{"showFog":false,"showMaterialUpdate":false,"showSkybox":false,"showFlares":false,"showImageEffects":false,"showParticleSystems":false},"in2DMode":false,"pivot":{"x":-277.5359191894531,"y":-8.248287200927735,"z":-223.63272094726563},"rotation":{"x":-0.21011647582054139,"y":0.7897079586982727,"z":-0.3980402648448944,"w":-0.4168647527694702},"size":79.78733825683594,"orthographic":false}