{"cameraMode":{"drawMode":0,"name":"Shaded","section":"Shading Mode"},"sceneLighting":false,"audioPlay":false,"sceneViewState":{"showFog":false,"showMaterialUpdate":false,"showSkybox":false,"showFlares":false,"showImageEffects":false,"showParticleSystems":false},"in2DMode":false,"pivot":{"x":-0.20638440549373628,"y":1.737941861152649,"z":0.27622413635253909},"rotation":{"x":-0.15421995520591737,"y":-0.8003854155540466,"z":0.5305333733558655,"w":-0.2326667159795761},"size":0.2857883870601654,"orthographic":false}