{"cameraMode":{"drawMode":0,"name":"Shaded","section":"Shading Mode"},"sceneLighting":true,"audioPlay":false,"sceneViewState":{"showFog":true,"showMaterialUpdate":true,"showSkybox":true,"showFlares":true,"showImageEffects":true,"showParticleSystems":true},"in2DMode":false,"pivot":{"x":-2.8255527019500734,"y":-6.958138942718506,"z":6.7415771484375},"rotation":{"x":-0.39838120341300967,"y":0.16824746131896974,"z":-0.0745929703116417,"w":-0.8985661864280701},"size":13.608617782592774,"orthographic":false}