{"cameraMode":{"drawMode":0,"name":"Shaded","section":"Shading Mode"},"sceneLighting":false,"audioPlay":false,"sceneViewState":{"showFog":false,"showMaterialUpdate":false,"showSkybox":false,"showFlares":false,"showImageEffects":false,"showParticleSystems":false},"in2DMode":false,"pivot":{"x":9.329057693481446,"y":0.5057322382926941,"z":18.279098510742189},"rotation":{"x":0.00906198751181364,"y":0.24236127734184266,"z":-0.002265032147988677,"w":0.9701411128044128},"size":0.7262800931930542,"orthographic":false}