{"cameraMode":{"drawMode":0,"name":"Shaded","section":"Shading Mode"},"sceneLighting":false,"audioPlay":false,"sceneViewState":{"showFog":false,"showMaterialUpdate":false,"showSkybox":false,"showFlares":false,"showImageEffects":false,"showParticleSystems":false},"in2DMode":false,"pivot":{"x":11.87544059753418,"y":10.044158935546875,"z":4.497141361236572},"rotation":{"x":0.22835701704025269,"y":-0.6815427541732788,"z":0.2382926195859909,"w":0.65312260389328},"size":2.1639552116394045,"orthographic":false}