{"cameraMode":{"drawMode":0,"name":"Shaded","section":"Shading Mode"},"sceneLighting":true,"audioPlay":false,"sceneViewState":{"showFog":false,"showMaterialUpdate":false,"showSkybox":false,"showFlares":false,"showImageEffects":false,"showParticleSystems":false},"in2DMode":false,"pivot":{"x":-1.1244590282440186,"y":4.423002243041992,"z":-18.05382537841797},"rotation":{"x":-0.22196970880031587,"y":-0.022816702723503114,"z":0.00519765168428421,"w":-0.9747727513313294},"size":2.8578836917877199,"orthographic":false}