{"cameraMode":{"drawMode":0,"name":"Shaded","section":"Shading Mode"},"sceneLighting":false,"audioPlay":false,"sceneViewState":{"showFog":false,"showMaterialUpdate":false,"showSkybox":false,"showFlares":false,"showImageEffects":false,"showParticleSystems":false},"in2DMode":false,"pivot":{"x":0.567280650138855,"y":1.5274735689163209,"z":-0.6162523031234741},"rotation":{"x":-0.16851651668548585,"y":0.7574145197868347,"z":-0.21525707840919496,"w":-0.5929500460624695},"size":2.3361682891845705,"orthographic":false}