{"cameraMode":{"drawMode":0,"name":"Shaded","section":"Shading Mode"},"sceneLighting":false,"audioPlay":false,"sceneViewState":{"showFog":false,"showMaterialUpdate":false,"showSkybox":false,"showFlares":false,"showImageEffects":false,"showParticleSystems":false},"in2DMode":false,"pivot":{"x":44.48118209838867,"y":8.109580993652344,"z":40.785701751708987},"rotation":{"x":-0.2593953311443329,"y":-0.18347565829753877,"z":0.05027193948626518,"w":-0.9468492865562439},"size":155.4338836669922,"orthographic":false}