{"cameraMode":{"drawMode":0,"name":"Shaded","section":"Shading Mode"},"sceneLighting":false,"audioPlay":false,"sceneViewState":{"showFog":false,"showMaterialUpdate":false,"showSkybox":false,"showFlares":false,"showImageEffects":false,"showParticleSystems":false},"in2DMode":false,"pivot":{"x":-162.57861328125,"y":15.149890899658204,"z":-48.886199951171878},"rotation":{"x":-0.18125469982624055,"y":0.20398423075675965,"z":-0.03846106678247452,"w":-0.9612793922424316},"size":70.5837631225586,"orthographic":false}