{"cameraMode":{"drawMode":0,"name":"Shaded","section":"Shading Mode"},"sceneLighting":true,"audioPlay":false,"sceneViewState":{"showFog":false,"showMaterialUpdate":false,"showSkybox":false,"showFlares":false,"showImageEffects":false,"showParticleSystems":false},"in2DMode":false,"pivot":{"x":72.54946899414063,"y":11.206668853759766,"z":-134.36614990234376},"rotation":{"x":0.029126597568392755,"y":0.9457308650016785,"z":-0.3113131523132324,"w":0.08848187327384949},"size":3.6690361499786379,"orthographic":false}