{"cameraMode":{"drawMode":0,"name":"Shaded","section":"Shading Mode"},"sceneLighting":false,"audioPlay":false,"sceneViewState":{"showFog":false,"showMaterialUpdate":false,"showSkybox":false,"showFlares":false,"showImageEffects":false,"showParticleSystems":false},"in2DMode":false,"pivot":{"x":2.9744820594787599,"y":0.41033613681793215,"z":-2.850368022918701},"rotation":{"x":0.3442661166191101,"y":0.3367440104484558,"z":-0.13384944200515748,"w":0.866122841835022},"size":2.783304214477539,"orthographic":false}