{"cameraMode":{"drawMode":0,"name":"Shaded","section":"Shading Mode"},"sceneLighting":true,"audioPlay":false,"sceneViewState":{"showFog":true,"showMaterialUpdate":true,"showSkybox":true,"showFlares":true,"showImageEffects":true,"showParticleSystems":true},"in2DMode":false,"pivot":{"x":1.3603702783584595,"y":3.0388808250427248,"z":-1.3596482276916505},"rotation":{"x":0.32124054431915285,"y":0.038632482290267947,"z":-0.013117772527039051,"w":0.9461183547973633},"size":3.9284894466400148,"orthographic":false}