{"cameraMode":{"drawMode":0,"name":"Shaded","section":"Shading Mode"},"sceneLighting":false,"audioPlay":false,"sceneViewState":{"showFog":false,"showMaterialUpdate":false,"showSkybox":false,"showFlares":false,"showImageEffects":false,"showParticleSystems":false},"in2DMode":false,"pivot":{"x":32.55809020996094,"y":11.897236824035645,"z":-3.099583864212036},"rotation":{"x":0.19845877587795258,"y":-0.6138169765472412,"z":0.1631900817155838,"w":0.746466338634491},"size":2.1639552116394045,"orthographic":false}