{"cameraMode":{"drawMode":0,"name":"Shaded","section":"Shading Mode"},"sceneLighting":false,"audioPlay":false,"sceneViewState":{"showFog":false,"showMaterialUpdate":false,"showSkybox":false,"showFlares":false,"showImageEffects":false,"showParticleSystems":false},"in2DMode":false,"pivot":{"x":4.686728477478027,"y":-3.083141565322876,"z":6.849608421325684},"rotation":{"x":-0.26517096161842348,"y":-0.24619507789611817,"z":0.07023069262504578,"w":-0.9295913577079773},"size":10.821812629699707,"orthographic":false}