{"cameraMode":{"drawMode":0,"name":"Shaded","section":"Shading Mode"},"sceneLighting":false,"audioPlay":false,"sceneViewState":{"showFog":false,"showMaterialUpdate":false,"showSkybox":false,"showFlares":false,"showImageEffects":false,"showParticleSystems":false},"in2DMode":false,"pivot":{"x":-0.9272470474243164,"y":-0.23714447021484376,"z":-0.5222923159599304},"rotation":{"x":0.12736372649669648,"y":-0.7985818982124329,"z":0.18179842829704286,"w":0.5594593286514282},"size":4.852090358734131,"orthographic":false}