{"cameraMode":{"drawMode":0,"name":"Shaded","section":"Shading Mode"},"sceneLighting":false,"audioPlay":false,"sceneViewState":{"showFog":false,"showMaterialUpdate":false,"showSkybox":false,"showFlares":false,"showImageEffects":false,"showParticleSystems":false},"in2DMode":false,"pivot":{"x":-1.0504698753356934,"y":1.454358696937561,"z":-0.14885175228118897},"rotation":{"x":-0.33137449622154238,"y":-0.49024784564971926,"z":0.20863574743270875,"w":-0.7786650061607361},"size":0.2857883870601654,"orthographic":false}