{"cameraMode":{"drawMode":0,"name":"Shaded","section":"Shading Mode"},"sceneLighting":false,"audioPlay":false,"sceneViewState":{"showFog":false,"showMaterialUpdate":false,"showSkybox":false,"showFlares":false,"showImageEffects":false,"showParticleSystems":false},"in2DMode":false,"pivot":{"x":4.062412738800049,"y":1.575943112373352,"z":-1.3798112869262696},"rotation":{"x":0.05623471736907959,"y":0.7310104370117188,"z":-0.06069248169660568,"w":0.6773313879966736},"size":1.5304787158966065,"orthographic":false}