{"cameraMode":{"drawMode":0,"name":"Shaded","section":"Shading Mode"},"sceneLighting":true,"audioPlay":false,"sceneViewState":{"showFog":false,"showMaterialUpdate":false,"showSkybox":false,"showFlares":false,"showImageEffects":false,"showParticleSystems":false},"in2DMode":false,"pivot":{"x":-5.355325222015381,"y":4.998010158538818,"z":0.4696252942085266},"rotation":{"x":-0.2106972634792328,"y":-0.6875391602516174,"z":0.21974138915538789,"w":-0.6592497825622559},"size":5.166497707366943,"orthographic":false}