{"cameraMode":{"drawMode":0,"name":"Shaded","section":"Shading Mode"},"sceneLighting":false,"audioPlay":false,"sceneViewState":{"showFog":false,"showMaterialUpdate":false,"showSkybox":false,"showFlares":false,"showImageEffects":false,"showParticleSystems":false},"in2DMode":false,"pivot":{"x":-1.414965033531189,"y":2.08000111579895,"z":0.6908079385757446},"rotation":{"x":0.2216569483280182,"y":0.4724256098270416,"z":-0.12407685071229935,"w":0.8439711332321167},"size":2.8578836917877199,"orthographic":false}