{"cameraMode":{"drawMode":0,"name":"Shaded","section":"Shading Mode"},"sceneLighting":false,"audioPlay":false,"sceneViewState":{"showFog":false,"showMaterialUpdate":false,"showSkybox":false,"showFlares":false,"showImageEffects":false,"showParticleSystems":false},"in2DMode":false,"pivot":{"x":5.369589805603027,"y":1.5418723821640015,"z":-2.605274200439453},"rotation":{"x":-0.19837765395641328,"y":0.12370939552783966,"z":-0.025248318910598756,"w":-0.9719592928886414},"size":4.042639255523682,"orthographic":false}