{"cameraMode":{"drawMode":0,"name":"Shaded","section":"Shading Mode"},"sceneLighting":false,"audioPlay":false,"sceneViewState":{"showFog":false,"showMaterialUpdate":false,"showSkybox":false,"showFlares":false,"showImageEffects":false,"showParticleSystems":false},"in2DMode":false,"pivot":{"x":-172.06825256347657,"y":-174.51515197753907,"z":69.05010223388672},"rotation":{"x":-0.29661932587623598,"y":0.5316281318664551,"z":-0.20581293106079102,"w":-0.766178548336029},"size":283.8984375,"orthographic":false}