{"cameraMode":{"drawMode":0,"name":"Shaded","section":"Shading Mode"},"sceneLighting":false,"audioPlay":false,"sceneViewState":{"showFog":false,"showMaterialUpdate":false,"showSkybox":false,"showFlares":false,"showImageEffects":false,"showParticleSystems":false},"in2DMode":false,"pivot":{"x":-0.2508729100227356,"y":1.6689242124557496,"z":0.0034148734994232656},"rotation":{"x":0.09449068456888199,"y":0.68361496925354,"z":-0.08995568752288819,"w":0.7180877923965454},"size":2.8578836917877199,"orthographic":false}