{"cameraMode":{"drawMode":0,"name":"Shaded","section":"Shading Mode"},"sceneLighting":true,"audioPlay":false,"sceneViewState":{"showFog":false,"showMaterialUpdate":false,"showSkybox":false,"showFlares":false,"showImageEffects":false,"showParticleSystems":false},"in2DMode":false,"pivot":{"x":-0.7565090656280518,"y":0.735459566116333,"z":1.6735533475875855},"rotation":{"x":-0.37481990456581118,"y":-0.02447115071117878,"z":0.009899575263261795,"w":-0.9267217516899109},"size":5.166497707366943,"orthographic":false}