{"cameraMode":{"drawMode":0,"name":"Shaded","section":"Shading Mode"},"sceneLighting":true,"audioPlay":false,"sceneViewState":{"showFog":false,"showMaterialUpdate":false,"showSkybox":false,"showFlares":false,"showImageEffects":false,"showParticleSystems":false},"in2DMode":false,"pivot":{"x":19.980636596679689,"y":-123.7576904296875,"z":190.01368713378907},"rotation":{"x":-0.2883724570274353,"y":-0.04536494240164757,"z":0.013680681586265564,"w":-0.95634526014328},"size":233.34524536132813,"orthographic":false}