{"cameraMode":{"drawMode":0,"name":"Shaded","section":"Shading Mode"},"sceneLighting":true,"audioPlay":false,"sceneViewState":{"showFog":false,"showMaterialUpdate":false,"showSkybox":false,"showFlares":false,"showImageEffects":false,"showParticleSystems":false},"in2DMode":false,"pivot":{"x":6.542165756225586,"y":-1.8087313175201417,"z":-27.125473022460939},"rotation":{"x":-0.004753826651722193,"y":0.9927867650985718,"z":-0.04206039756536484,"w":-0.11217360943555832},"size":22.0,"orthographic":false}