{"cameraMode":{"drawMode":0,"name":"Shaded","section":"Shading Mode"},"sceneLighting":false,"audioPlay":false,"sceneViewState":{"showFog":false,"showMaterialUpdate":false,"showSkybox":false,"showFlares":false,"showImageEffects":false,"showParticleSystems":false},"in2DMode":false,"pivot":{"x":-1.3038302659988404,"y":1.2266581058502198,"z":0.22854384779930116},"rotation":{"x":-0.1519586592912674,"y":0.7001457214355469,"z":-0.15649177134037019,"w":-0.6798638105392456},"size":2.3361682891845705,"orthographic":false}