{"cameraMode":{"drawMode":0,"name":"Shaded","section":"Shading Mode"},"sceneLighting":false,"audioPlay":false,"sceneViewState":{"showFog":false,"showMaterialUpdate":false,"showSkybox":false,"showFlares":false,"showImageEffects":false,"showParticleSystems":false},"in2DMode":false,"pivot":{"x":27.50115966796875,"y":-5.342398643493652,"z":-38.361724853515628},"rotation":{"x":-0.03138680011034012,"y":0.9683106541633606,"z":-0.18710002303123475,"w":-0.1624283641576767},"size":39.65877151489258,"orthographic":false}