{"cameraMode":{"drawMode":0,"name":"Shaded","section":"Shading Mode"},"sceneLighting":false,"audioPlay":false,"sceneViewState":{"showFog":true,"showMaterialUpdate":true,"showSkybox":true,"showFlares":true,"showImageEffects":true,"showParticleSystems":true},"in2DMode":false,"pivot":{"x":2.9014463424682619,"y":1.5756916999816895,"z":-0.9878420829772949},"rotation":{"x":-0.0555088184773922,"y":0.24660976231098176,"z":-0.014149608090519905,"w":-0.9674204587936401},"size":3.18343448638916,"orthographic":false}