{"cameraMode":{"drawMode":0,"name":"Shaded","section":"Shading Mode"},"sceneLighting":true,"audioPlay":false,"sceneViewState":{"showFog":false,"showMaterialUpdate":false,"showSkybox":false,"showFlares":false,"showImageEffects":false,"showParticleSystems":false},"in2DMode":false,"pivot":{"x":10.842503547668457,"y":-19.54075050354004,"z":0.9923561215400696},"rotation":{"x":-0.5346230268478394,"y":-0.06400710344314575,"z":0.040658675134181979,"w":-0.8416818380355835},"size":36.2794189453125,"orthographic":false}