{"cameraMode":{"drawMode":0,"name":"Shaded","section":"Shading Mode"},"sceneLighting":false,"audioPlay":false,"sceneViewState":{"showFog":false,"showMaterialUpdate":false,"showSkybox":false,"showFlares":false,"showImageEffects":false,"showParticleSystems":false},"in2DMode":false,"pivot":{"x":-1.40090811252594,"y":1.5516932010650635,"z":-0.8247902393341065},"rotation":{"x":-0.2283180058002472,"y":-0.4926871657371521,"z":0.13574810326099397,"w":-0.8286753296852112},"size":0.2857883870601654,"orthographic":false}