{"cameraMode":{"drawMode":0,"name":"Shaded","section":"Shading Mode"},"sceneLighting":false,"audioPlay":false,"sceneViewState":{"showFog":false,"showMaterialUpdate":false,"showSkybox":false,"showFlares":false,"showImageEffects":false,"showParticleSystems":false},"in2DMode":false,"pivot":{"x":-167.74090576171876,"y":-80.70732116699219,"z":-108.13488006591797},"rotation":{"x":-0.30495959520339968,"y":-0.11760260909795761,"z":0.03798083961009979,"w":-0.9443128705024719},"size":199.8917694091797,"orthographic":false}