{"cameraMode":{"drawMode":0,"name":"Shaded","section":"Shading Mode"},"sceneLighting":true,"audioPlay":false,"sceneViewState":{"showFog":false,"showMaterialUpdate":false,"showSkybox":false,"showFlares":false,"showImageEffects":false,"showParticleSystems":false},"in2DMode":false,"pivot":{"x":93.89208984375,"y":-29.51978874206543,"z":193.80355834960938},"rotation":{"x":-0.08719078451395035,"y":-0.18508200347423554,"z":0.016490444540977479,"w":-0.9787085652351379},"size":233.34524536132813,"orthographic":false}