{"cameraMode":{"drawMode":0,"name":"Shaded","section":"Shading Mode"},"sceneLighting":false,"audioPlay":false,"sceneViewState":{"showFog":false,"showMaterialUpdate":false,"showSkybox":false,"showFlares":false,"showImageEffects":false,"showParticleSystems":false},"in2DMode":false,"pivot":{"x":27.2286434173584,"y":0.9686723351478577,"z":-9.319069862365723},"rotation":{"x":-0.11619628220796585,"y":0.6240778565406799,"z":-0.09455812722444534,"w":-0.7668664455413818},"size":2.5753211975097658,"orthographic":false}