{"cameraMode":{"drawMode":0,"name":"Shaded","section":"Shading Mode"},"sceneLighting":false,"audioPlay":false,"sceneViewState":{"showFog":true,"showMaterialUpdate":true,"showSkybox":true,"showFlares":true,"showImageEffects":true,"showParticleSystems":true},"in2DMode":false,"pivot":{"x":0.3552863895893097,"y":1.4224690198898316,"z":-3.3744049072265627},"rotation":{"x":0.24312180280685426,"y":-0.2619893252849579,"z":0.06838348507881165,"w":0.9314382076263428},"size":0.9824538230895996,"orthographic":false}