{"cameraMode":{"drawMode":0,"name":"Shaded","section":"Shading Mode"},"sceneLighting":false,"audioPlay":false,"sceneViewState":{"showFog":false,"showMaterialUpdate":false,"showSkybox":false,"showFlares":false,"showImageEffects":false,"showParticleSystems":false},"in2DMode":false,"pivot":{"x":28.44124412536621,"y":2.961656332015991,"z":-10.097494125366211},"rotation":{"x":-0.1195373386144638,"y":0.5855018496513367,"z":-0.08781473338603974,"w":-0.7969862222671509},"size":2.5753211975097658,"orthographic":false}