{"cameraMode":{"drawMode":0,"name":"Shaded","section":"Shading Mode"},"sceneLighting":false,"audioPlay":false,"sceneViewState":{"showFog":false,"showMaterialUpdate":false,"showSkybox":false,"showFlares":false,"showImageEffects":false,"showParticleSystems":false},"in2DMode":false,"pivot":{"x":-0.26186466217041018,"y":0.40653133392333987,"z":-0.3765878677368164},"rotation":{"x":-0.166985422372818,"y":0.4579088091850281,"z":-0.08801807463169098,"w":-0.8687279224395752},"size":2.3361682891845705,"orthographic":false}