{"cameraMode":{"drawMode":0,"name":"Shaded","section":"Shading Mode"},"sceneLighting":true,"audioPlay":false,"sceneViewState":{"showFog":false,"showMaterialUpdate":false,"showSkybox":false,"showFlares":false,"showImageEffects":false,"showParticleSystems":false},"in2DMode":false,"pivot":{"x":69.47203826904297,"y":13.962484359741211,"z":-135.27516174316407},"rotation":{"x":0.13990604877471925,"y":-0.4296758472919464,"z":0.06758119910955429,"w":0.8895155191421509},"size":4.059675693511963,"orthographic":false}