{"cameraMode":{"drawMode":0,"name":"Shaded","section":"Shading Mode"},"sceneLighting":false,"audioPlay":false,"sceneViewState":{"showFog":false,"showMaterialUpdate":false,"showSkybox":false,"showFlares":false,"showImageEffects":false,"showParticleSystems":false},"in2DMode":false,"pivot":{"x":11.079999923706055,"y":1.5399999618530274,"z":0.0},"rotation":{"x":0.05363847687840462,"y":-0.8077733516693115,"z":0.07440371811389923,"w":0.5823137164115906},"size":2.1639552116394045,"orthographic":false}