{"cameraMode":{"drawMode":0,"name":"Shaded","section":"Shading Mode"},"sceneLighting":false,"audioPlay":false,"sceneViewState":{"showFog":false,"showMaterialUpdate":false,"showSkybox":false,"showFlares":false,"showImageEffects":false,"showParticleSystems":false},"in2DMode":false,"pivot":{"x":17.719999313354493,"y":0.4809650182723999,"z":-10.5},"rotation":{"x":-0.21121154725551606,"y":-0.3922163248062134,"z":0.09303522109985352,"w":-0.8904496431350708},"size":2.4436981678009035,"orthographic":false}