{"cameraMode":{"drawMode":0,"name":"Shaded","section":"Shading Mode"},"sceneLighting":false,"audioPlay":false,"sceneViewState":{"showFog":true,"showMaterialUpdate":true,"showSkybox":true,"showFlares":true,"showImageEffects":true,"showParticleSystems":true},"in2DMode":false,"pivot":{"x":0.17701461911201478,"y":-1.4901161193847657e-7,"z":0.057147979736328128},"rotation":{"x":-0.02275826409459114,"y":-0.9750260710716248,"z":0.11937150359153748,"w":-0.1858942061662674},"size":1.486862063407898,"orthographic":false}