{"cameraMode":{"drawMode":0,"name":"Shaded","section":"Shading Mode"},"sceneLighting":false,"audioPlay":false,"sceneViewState":{"showFog":false,"showMaterialUpdate":false,"showSkybox":false,"showFlares":false,"showImageEffects":false,"showParticleSystems":false},"in2DMode":false,"pivot":{"x":3.9237635135650636,"y":3.0512354373931886,"z":1.36897873878479},"rotation":{"x":0.07411136478185654,"y":-0.9258788228034973,"z":0.2595745921134949,"w":0.264342725276947},"size":5.752090930938721,"orthographic":false}