{"cameraMode":{"drawMode":0,"name":"Shaded","section":"Shading Mode"},"sceneLighting":true,"audioPlay":false,"sceneViewState":{"showFog":false,"showMaterialUpdate":false,"showSkybox":false,"showFlares":false,"showImageEffects":false,"showParticleSystems":false},"in2DMode":false,"pivot":{"x":2.4038443565368654,"y":4.477744102478027,"z":-5.017443656921387},"rotation":{"x":0.42297208309173586,"y":0.14467160403728486,"z":-0.06861084699630737,"w":0.8918842077255249},"size":3.4614250659942629,"orthographic":false}