{"cameraMode":{"drawMode":0,"name":"Shaded","section":"Shading Mode"},"sceneLighting":true,"audioPlay":false,"sceneViewState":{"showFog":false,"showMaterialUpdate":false,"showSkybox":false,"showFlares":false,"showImageEffects":false,"showParticleSystems":false},"in2DMode":false,"pivot":{"x":197.3072052001953,"y":-136.9359893798828,"z":-37.71749496459961},"rotation":{"x":-0.21222969889640809,"y":-0.7113233804702759,"z":0.24154230952262879,"w":-0.6250079870223999},"size":233.34524536132813,"orthographic":false}