{"cameraMode":{"drawMode":0,"name":"Shaded","section":"Shading Mode"},"sceneLighting":false,"audioPlay":false,"sceneViewState":{"showFog":false,"showMaterialUpdate":false,"showSkybox":false,"showFlares":false,"showImageEffects":false,"showParticleSystems":false},"in2DMode":false,"pivot":{"x":0.7368584871292114,"y":0.9133719205856323,"z":-3.5977425575256349},"rotation":{"x":-0.0015495168045163155,"y":-0.998413622379303,"z":0.04379739239811897,"w":-0.035351917147636417},"size":6.482030868530273,"orthographic":false}