{"cameraMode":{"drawMode":0,"name":"Shaded","section":"Shading Mode"},"sceneLighting":false,"audioPlay":false,"sceneViewState":{"showFog":false,"showMaterialUpdate":false,"showSkybox":false,"showFlares":false,"showImageEffects":false,"showParticleSystems":false},"in2DMode":false,"pivot":{"x":6.3456621170043949,"y":0.0,"z":-19.547388076782228},"rotation":{"x":-0.32697951793670657,"y":-0.037693001329898837,"z":0.013055705465376377,"w":-0.944189190864563},"size":0.5715773105621338,"orthographic":false}