{"cameraMode":{"drawMode":0,"name":"Shaded","section":"Shading Mode"},"sceneLighting":false,"audioPlay":false,"sceneViewState":{"showFog":false,"showMaterialUpdate":false,"showSkybox":false,"showFlares":false,"showImageEffects":false,"showParticleSystems":false},"in2DMode":false,"pivot":{"x":11.406179428100586,"y":4.255871772766113,"z":8.523093223571778},"rotation":{"x":-0.13086441159248353,"y":-0.46533581614494326,"z":0.06978657096624375,"w":-0.8726207613945007},"size":30.334529876708986,"orthographic":false}